,City,Country,Date,Latitude,Longitude,Cloudiness (%),Humidity (%),Max Temp (F),Wind Speed (mph)
0,belushya guba,,,,,,,,
1,kapaa,US,2020-10-10 12:19:33,22.08,-159.32,20,69,80.86999999999996,5.7
2,tsihombe,,,,,,,,
3,chuy,UY,2020-10-10 12:19:33,-33.7,-53.46,0,60,61.358000000000004,2.93
4,ushuaia,AR,2020-10-10 12:19:33,-54.8,-68.3,20,37,53.86999999999996,6.2
5,auki,SB,2020-10-10 12:19:33,-8.77,160.7,97,87,77.88200000000002,1.91
6,khor,RU,2020-10-10 12:19:33,47.89,134.95,41,73,47.39000000000002,2.35
7,khatanga,RU,2020-10-10 12:19:34,71.97,102.5,100,98,20.101999999999975,3.8
8,de-kastri,RU,2020-10-10 12:19:34,51.47,140.78,87,77,49.29800000000003,2.32
9,illoqqortoormiut,,,,,,,,
10,jamestown,US,2020-10-10 12:17:48,42.1,-79.24,1,60,73.27400000000002,7.2
11,narsaq,GL,2020-10-10 12:19:34,60.92,-46.05,40,83,50.26999999999996,4.1
12,rabaul,PG,2020-10-10 12:19:34,-4.2,152.17,85,79,79.91600000000001,0.66
13,saint-francois,FR,2020-10-10 12:19:34,46.42,3.91,35,78,52.26799999999999,0.45
14,severo-kurilsk,RU,2020-10-10 12:19:34,50.68,156.12,24,75,44.708000000000006,7.43
15,bauchi,NG,2020-10-10 12:19:34,10.5,10,0,53,84.12799999999996,1.56
16,taolanaro,,,,,,,,
17,tuktoyaktuk,CA,2020-10-10 12:19:35,69.45,-133.04,90,74,30.46999999999996,3.1
18,mataura,NZ,2020-10-10 12:19:35,-46.19,168.86,100,76,53.27599999999999,2.24
19,songea,TZ,2020-10-10 12:19:35,-10.68,35.65,20,51,82.66999999999996,2.6
20,vaini,TO,2020-10-10 12:19:35,-21.2,-175.2,75,94,71.86999999999996,4.1
21,punta arenas,CL,2020-10-10 12:19:35,-53.15,-70.92,96,61,52.069999999999965,17
22,adrar,MR,2020-10-10 12:19:35,20.5,-10.07,0,10,95.12599999999999,1.58
23,laguna,US,2020-10-10 12:19:35,38.42,-121.42,1,77,67.26199999999996,3.6
24,havre,FR,2020-10-10 12:19:36,49.58,0.33,90,66,55.66999999999996,7.7
25,laval,CA,2020-10-10 12:15:13,45.57,-73.69,75,56,73.27400000000002,9.3
26,touros,BR,2020-10-10 12:19:36,-5.2,-35.46,40,62,86.26999999999995,6.7
27,port alfred,ZA,2020-10-10 12:19:36,-33.59,26.89,77,74,55.88599999999997,6.5
28,geraldton,AU,2020-10-10 12:19:36,-28.77,114.6,40,82,57.469999999999956,3.6
29,sal rei,CV,2020-10-10 12:19:36,16.18,-22.92,75,74,84.46999999999997,8.7
30,nardaran,AZ,2020-10-10 12:19:36,40.56,50.01,0,63,61.069999999999965,4.1
31,saleaula,,,,,,,,
32,talakan,RU,2020-10-10 12:19:37,50.32,130.37,7,94,45.464000000000034,1.53
33,tiksi,RU,2020-10-10 12:19:37,71.69,128.87,82,94,16.25,4.6
34,avarua,CK,2020-10-10 12:19:37,-21.21,-159.78,75,100,73.66999999999996,2.6
35,huarmey,PE,2020-10-10 12:19:37,-10.07,-78.15,50,63,70.75399999999996,4.38
36,sao filipe,CV,2020-10-10 12:19:37,14.9,-24.5,0,74,82.32799999999997,2.57
37,airai,TL,2020-10-10 12:19:37,-8.93,125.41,89,65,61.23200000000001,1.82
38,provideniya,RU,2020-10-10 12:19:37,64.38,-173.3,100,83,36.464000000000034,6.22
39,omboue,GA,2020-10-10 12:17:07,-1.57,9.26,100,84,77.66600000000001,5.04
40,chokurdakh,RU,2020-10-10 12:19:37,70.63,147.92,100,94,23.701999999999977,3.31
41,rio gallegos,AR,2020-10-10 12:19:37,-51.62,-69.22,83,11,64.66999999999996,13.9
42,bathsheba,BB,2020-10-10 12:19:38,13.22,-59.52,40,70,88.06999999999996,6.2
43,rikitea,PF,2020-10-10 12:19:38,-23.12,-134.97,16,82,73.92200000000004,8.02
44,calabozo,VE,2020-10-10 12:19:38,8.92,-67.43,71,67,87.85399999999996,0.63
45,hurricane,US,2020-10-10 12:19:38,37.18,-113.29,1,26,77.26999999999995,1.5
46,hilo,US,2020-10-10 12:19:38,19.73,-155.09,1,64,71.27599999999998,3.6
47,birobidzhan,RU,2020-10-10 12:19:38,48.8,132.95,100,93,47.73200000000001,0.66
48,garowe,SO,2020-10-10 12:19:38,8.41,48.48,0,35,86.28800000000004,2.52
49,bilma,NE,2020-10-10 12:19:38,18.69,12.92,0,11,93.23599999999996,2.86
50,hermanus,ZA,2020-10-10 12:18:08,-34.42,19.23,5,74,55.274000000000015,1.34
51,burkhala,,,,,,,,
52,umzimvubu,,,,,,,,
53,carnarvon,AU,2020-10-10 12:19:39,-24.87,113.63,0,82,66.46999999999997,8.2
54,east london,ZA,2020-10-10 12:14:59,-33.02,27.91,40,76,55.66999999999996,6.2
55,attawapiskat,,,,,,,,
56,isangel,VU,2020-10-10 12:19:39,-19.55,169.27,89,85,76.13599999999997,4.93
57,bredasdorp,ZA,2020-10-10 12:19:39,-34.53,20.04,0,54,59.26999999999996,5.7
58,high level,CA,2020-10-10 12:19:39,58.52,-117.14,90,100,41.26999999999996,1
59,puerto baquerizo moreno,EC,2020-10-10 12:19:39,-0.9,-89.6,75,83,71.86999999999996,6.2
60,saskylakh,RU,2020-10-10 12:19:40,71.92,114.08,46,94,8.78000000000004,2.06
61,olafsvik,IS,2020-10-10 12:19:40,64.89,-23.71,98,72,46.346000000000046,3.1
62,arraial do cabo,BR,2020-10-10 12:19:40,-22.97,-42.03,75,78,77.26999999999995,6.7
63,hithadhoo,MV,2020-10-10 12:19:40,-0.6,73.08,71,74,83.65999999999998,5.49
64,pevek,RU,2020-10-10 12:19:40,69.7,170.31,100,91,33.061999999999955,6.7
65,bukama,CD,2020-10-10 12:19:40,-9.2,25.85,41,51,82.66999999999996,1.06
66,miracatu,BR,2020-10-10 12:19:40,-24.28,-47.46,39,50,80.16799999999998,3.12
67,safaga,EG,2020-10-10 12:19:40,26.73,33.94,53,45,88.06999999999996,8.2
68,beloha,MG,2020-10-10 12:19:40,-25.17,45.05,0,75,69.72799999999997,2.03
69,takaungu,KE,2020-10-10 12:19:41,-3.68,39.86,20,78,79.06999999999996,2.1
70,hasaki,JP,2020-10-10 12:19:41,35.73,140.83,75,100,64.66999999999996,7.2
71,fort nelson,CA,2020-10-10 12:15:03,58.81,-122.7,75,93,35.86999999999996,2.1
72,misratah,LY,2020-10-10 12:19:41,32.38,15.09,0,67,76.60399999999996,6.3
73,kaitangata,NZ,2020-10-10 12:19:41,-46.28,169.85,95,64,55.274000000000015,1.34
74,san cristobal,VE,2020-10-10 12:19:41,7.77,-72.22,20,41,93.46999999999997,4.1
75,satitoa,,,,,,,,
76,nyagan,RU,2020-10-10 12:19:41,62.14,65.39,94,95,43.79000000000002,2.4
77,mae sai,TH,2020-10-10 12:19:41,20.43,99.88,11,100,72.26600000000002,1
78,codrington,AU,2020-10-10 12:19:41,-38.27,141.97,95,86,47.04800000000002,1.93
79,sinnamary,GF,2020-10-10 12:19:42,5.38,-52.95,5,60,88.142,5.46
80,tura,IN,2020-10-10 12:19:42,25.52,90.22,0,94,75.70399999999995,0.84
81,semirom,IR,2020-10-10 12:19:42,31.42,51.57,0,81,35.096000000000046,1.72
82,vaitape,PF,2020-10-10 12:19:42,-16.52,-151.75,9,77,79.50199999999998,7.44
83,mandsaur,IN,2020-10-10 12:18:14,24.07,75.07,0,34,77.26999999999995,1.08
84,tambura,SS,2020-10-10 12:19:42,5.6,27.47,83,91,73.00399999999996,0.98
85,oranjestad,AW,2020-10-10 12:18:36,12.52,-70.03,40,59,89.86999999999996,7.7
86,lolua,,,,,,,,
87,castro,BR,2020-10-10 12:19:42,-24.79,-50.01,0,36,72.40999999999998,3.15
88,victoria,HK,2020-10-10 12:18:18,22.29,114.16,38,76,80.27599999999998,0.45
89,saint george,US,2020-10-10 12:18:44,37.1,-113.58,1,26,77.26999999999995,1.5
90,cabra,ES,2020-10-10 12:19:43,37.47,-4.44,67,26,84.27200000000005,2.58
91,muzhi,RU,2020-10-10 12:19:43,65.37,64.67,100,95,40.87400000000001,1.25
92,kodiak,US,2020-10-10 12:19:43,57.79,-152.41,75,93,39.469999999999956,2.39
93,newtonmore,GB,2020-10-10 12:19:43,57.07,-4.12,75,87,51.27799999999996,5.1
94,miastko,PL,2020-10-10 12:19:43,54,16.98,100,87,48.272000000000034,2.56
95,upernavik,GL,2020-10-10 12:19:43,72.79,-56.15,2,71,38.65999999999998,0.8
96,saint-pierre,RE,2020-10-10 12:16:13,-21.34,55.48,75,73,75.46999999999997,1
97,kavaratti,IN,2020-10-10 12:19:44,10.57,72.64,100,81,81.87799999999996,6.58
98,puerto ayora,EC,2020-10-10 12:19:44,-0.74,-90.35,100,64,75.46999999999997,4.1
99,lompoc,US,2020-10-10 12:15:32,34.64,-120.46,90,82,66.46999999999997,2.6
100,bara,NG,2020-10-10 12:19:44,10.37,10.73,20,58,88.06999999999996,2.99
101,barentsburg,,,,,,,,
102,belyy yar,RU,2020-10-10 12:19:44,53.6,91.39,100,69,34.06999999999996,4
103,upington,ZA,2020-10-10 12:19:44,-28.45,21.26,0,22,68.26999999999995,2.6
104,fortuna,US,2020-10-10 12:19:44,40.6,-124.16,90,82,63.266000000000005,4.1
105,the valley,AI,2020-10-10 12:19:44,18.22,-63.06,40,83,88.06999999999996,3.1
106,asau,RO,2020-10-10 12:19:45,46.43,26.4,96,98,57.272000000000034,0.37
107,boguchany,RU,2020-10-10 12:19:45,58.38,97.45,100,97,28.75999999999998,3.04
108,tailai,CN,2020-10-10 12:19:45,46.38,123.4,96,94,52.26799999999999,0.45
109,naze,JP,2020-10-10 12:19:45,28.37,129.48,20,78,79.06999999999996,3.6
110,korla,CN,2020-10-10 12:17:43,41.76,86.15,80,43,50.07200000000004,1.91
111,kozhva,RU,2020-10-10 12:19:45,65.11,57.05,93,95,44.653999999999954,2.15
112,uvira,CD,2020-10-10 12:19:45,-3.41,29.15,44,62,76.892,0.73
113,tahoua,NE,2020-10-10 12:19:45,14.89,5.27,55,25,97.41199999999996,2.11
114,hervey bay,AU,2020-10-10 12:19:45,-25.3,152.85,35,89,65.26400000000004,1.34
115,busselton,AU,2020-10-10 12:19:46,-33.65,115.33,0,74,54.266000000000005,3.7
116,ilulissat,GL,2020-10-10 12:19:46,69.22,-51.1,75,36,48.469999999999956,12.9
117,jawa,JO,2020-10-10 12:17:20,31.85,35.94,2,44,80.86999999999996,2.1
118,pakxan,LA,2020-10-10 12:19:46,18.38,103.66,25,83,69.60199999999998,2.29
119,irituia,BR,2020-10-10 12:19:46,-1.77,-47.44,2,28,101.03000000000004,2.13
120,saint-philippe,RE,2020-10-10 12:19:46,-21.36,55.77,75,73,75.46999999999997,1
121,albany,US,2020-10-10 12:17:53,42.6,-73.97,0,67,72.26600000000002,1.79
122,flinders,AU,2020-10-10 12:19:46,-34.58,150.86,0,65,57.272000000000034,0.45
123,lorengau,PG,2020-10-10 12:19:46,-2.02,147.27,100,80,78.33200000000002,3.22
124,sindor,RU,2020-10-10 12:19:46,62.86,51.89,100,96,48.38000000000004,2.69
125,port hardy,CA,2020-10-10 12:19:47,50.7,-127.42,75,93,48.469999999999956,4.6
126,roald,NO,2020-10-10 12:19:47,62.58,6.13,40,81,50.26999999999996,7.7
127,thompson,CA,2020-10-10 12:19:47,55.74,-97.86,90,86,28.66999999999996,2.6
128,mar del plata,AR,2020-10-10 12:16:38,-38,-57.56,2,42,65.26400000000004,4.1
129,qaanaaq,GL,2020-10-10 12:19:47,77.48,-69.36,98,87,28.52599999999999,3.35
130,aja,EG,2020-10-10 12:19:47,30.94,31.29,0,71,73.076,2.64
131,bodden town,KY,2020-10-10 12:19:47,19.28,-81.25,40,74,88.26799999999999,4.6
132,dikson,RU,2020-10-10 12:19:47,73.51,80.55,100,95,32.70199999999998,8.93
133,dingle,PH,2020-10-10 12:19:47,11,122.67,97,89,76.98200000000003,1.08
134,flin flon,CA,2020-10-10 12:19:48,54.77,-101.86,90,86,34.06999999999996,4.1
135,melfort,CA,2020-10-10 12:19:48,52.87,-104.62,1,65,46.66999999999996,9.3
136,iskateley,RU,2020-10-10 12:19:48,67.68,53.15,90,90,45.76999999999996,3.65
137,vao,NC,2020-10-10 12:19:48,-22.67,167.48,41,88,72.62599999999999,8.35
138,bocanda,CI,2020-10-10 12:19:48,7.06,-4.5,50,90,79.17799999999997,2.12
139,tasiilaq,GL,2020-10-10 12:19:48,65.61,-37.64,75,94,34.06999999999996,15.4
140,fukue,JP,2020-10-10 12:19:48,32.69,128.84,34,82,70.21400000000003,10.27
141,klaksvik,FO,2020-10-10 12:19:48,62.23,-6.59,100,93,44.86999999999996,8.7
142,honiara,SB,2020-10-10 12:19:48,-9.43,159.95,20,100,73.66999999999996,1
143,evans,US,2020-10-10 12:19:48,33.53,-82.13,100,81,78.27799999999996,0.89
144,bluff,NZ,2020-10-10 12:19:49,-46.6,168.33,100,76,53.27599999999999,2.24
145,hobart,AU,2020-10-10 12:15:35,-42.88,147.33,75,66,52.069999999999965,3.6
146,luwuk,ID,2020-10-10 12:19:49,-0.95,122.79,91,78,77.28800000000004,2.24
147,bengkulu,ID,2020-10-10 12:19:49,-3.8,102.27,100,91,76.424,1.79
148,barrow,US,2020-10-10 12:19:49,71.29,-156.79,90,63,28.66999999999996,10.8
149,pisco,PE,2020-10-10 12:19:49,-13.7,-76.22,90,82,64.66999999999996,4.1
150,mahebourg,MU,2020-10-10 12:19:49,-20.41,57.7,40,88,75.46999999999997,1.5
151,tibiri,NE,2020-10-10 12:19:49,13.56,7.05,20,52,91.66999999999996,1.29
152,komsomolskiy,UZ,2020-10-10 12:19:49,40.43,71.72,75,87,52.069999999999965,1
153,agadez,NE,2020-10-10 12:19:50,19.75,10.25,22,13,91.34600000000006,3.52
154,cape town,ZA,2020-10-10 12:13:01,-33.93,18.42,20,54,63.266000000000005,7.7
155,zhob,PK,2020-10-10 12:19:50,31.34,69.45,0,21,71.20399999999995,3.57
156,saldanha,ZA,2020-10-10 12:19:50,-33.01,17.94,0,28,70.06999999999996,7.7
157,antalaha,MG,2020-10-10 12:19:50,-14.9,50.28,91,91,75.59600000000006,3.19
158,tadine,NC,2020-10-10 12:19:50,-21.55,167.88,32,88,72.98599999999996,7.02
159,cherskiy,RU,2020-10-10 12:19:50,68.75,161.3,89,97,20.44399999999997,1.9
160,livingston,GB,2020-10-10 12:17:23,55.9,-3.52,75,66,55.66999999999996,3.1
161,nurota,UZ,2020-10-10 12:19:50,40.56,65.69,0,46,50.26999999999996,2.1
162,colac,AU,2020-10-10 12:19:50,-38.33,143.58,93,98,45.266000000000005,1.2
163,zalantun,CN,2020-10-10 12:19:51,48,122.72,94,55,46.05800000000001,6.31
164,torbay,CA,2020-10-10 12:19:51,47.67,-52.73,75,50,53.27599999999999,12.3
165,hartselle,US,2020-10-10 12:19:51,34.44,-86.94,90,94,71.27599999999998,4.1
166,ixtapa,MX,2020-10-10 12:19:51,20.7,-105.2,5,74,88.26799999999999,1.32
167,faya,SA,2020-10-10 12:19:51,18.39,42.45,94,15,71.86999999999996,6.2
168,hovd,MN,2020-10-10 12:19:51,48.01,91.64,0,84,29.282000000000018,0.53
169,georgetown,MY,2020-10-10 12:15:10,5.41,100.34,20,88,80.86999999999996,1.5
170,bundaberg,AU,2020-10-10 12:19:51,-24.85,152.35,90,88,67.26199999999996,3.1
171,yar-sale,RU,2020-10-10 12:19:51,66.83,70.83,100,93,35.15,5.05
172,banloc,RO,2020-10-10 12:19:51,45.38,21.14,20,82,57.469999999999956,1.5
173,atuona,PF,2020-10-10 12:19:52,-9.8,-139.03,1,77,78.35,8.8
174,northam,GB,2020-10-10 12:19:52,51.03,-4.22,95,85,53.27599999999999,4.47
175,altamont,US,2020-10-10 12:19:52,42.21,-121.74,90,76,53.86999999999996,4.6
176,longyearbyen,SJ,2020-10-10 12:19:52,78.22,15.64,40,68,28.66999999999996,7.2
177,karratha,AU,2020-10-10 12:19:52,-20.74,116.85,29,69,70.01600000000002,5.96
178,souillac,MU,2020-10-10 12:19:52,-20.52,57.52,40,88,75.46999999999997,1.5
179,pemba,MZ,2020-10-10 12:19:52,-12.97,40.52,20,78,78.27799999999996,5.7
180,tuatapere,NZ,2020-10-10 12:19:53,-46.13,167.68,98,76,53.27599999999999,2.24
181,muros,ES,2020-10-10 12:19:53,42.78,-9.06,5,68,66.27200000000005,4.47
182,sioux lookout,CA,2020-10-10 12:19:53,50.1,-91.92,40,69,37.66999999999996,2.1
183,brae,GB,2020-10-10 12:19:53,60.4,-1.35,8,87,46.66999999999996,2.6
184,yellowknife,CA,2020-10-10 12:19:53,62.46,-114.35,90,93,39.469999999999956,4.1
185,los llanos de aridane,ES,2020-10-10 12:19:53,28.66,-17.92,75,73,75.46999999999997,6.2
186,san quintin,MX,2020-10-10 12:19:53,30.48,-115.95,78,69,71.20399999999995,5.66
187,prince rupert,CA,2020-10-10 12:15:28,54.32,-130.32,90,87,48.469999999999956,2.6
188,phan thiet,VN,2020-10-10 12:16:34,10.93,108.1,100,90,76.49600000000005,2.19
189,macaboboni,,,,,,,,
190,bilibino,RU,2020-10-10 12:19:54,68.05,166.44,82,93,15.475999999999988,1.01
191,gushikawa,JP,2020-10-10 12:19:54,26.35,127.87,1,94,79.06999999999996,1.5
192,cairns,AU,2020-10-10 12:19:54,-16.92,145.77,55,69,73.66999999999996,4.6
193,coihaique,CL,2020-10-10 12:19:54,-45.58,-72.07,20,47,57.469999999999956,3.6
194,fairbanks,US,2020-10-10 12:16:20,64.84,-147.72,1,79,30.272000000000038,3.6
195,richards bay,ZA,2020-10-10 12:19:54,-28.78,32.04,85,65,66.93800000000005,7.87
196,norman wells,CA,2020-10-10 12:19:54,65.28,-126.83,75,93,35.86999999999996,1.03
197,linxia,CN,2020-10-10 12:19:54,35.6,103.21,96,44,53.653999999999954,1.01
198,sao joao da barra,BR,2020-10-10 12:19:54,-21.64,-41.05,90,73,77.26999999999995,5.1
199,itarema,BR,2020-10-10 12:18:15,-2.92,-39.92,22,53,87.13399999999999,6.7
200,tete,MZ,2020-10-10 12:16:57,-16.16,33.59,40,36,95.26999999999995,5.7
201,esperance,AU,2020-10-10 12:19:55,-33.87,121.9,90,93,57.469999999999956,3.6
202,port elizabeth,ZA,2020-10-10 12:19:55,-33.92,25.57,20,71,55.66999999999996,2.6
203,kiunga,PG,2020-10-10 12:19:55,-6.12,141.29,100,98,71.56400000000004,0.84
204,poum,NC,2020-10-10 12:19:55,-20.23,164.02,0,82,75.59600000000006,3.42
205,lebu,CL,2020-10-10 12:19:55,-37.62,-73.65,25,69,53.95999999999998,7.84
206,labuhan,ID,2020-10-10 12:19:55,-6.88,112.21,95,80,79.68200000000002,3.38
207,sitka,US,2020-10-10 12:19:55,57.05,-135.33,90,81,46.66999999999996,6.7
208,zyryanka,RU,2020-10-10 12:19:56,65.75,150.85,16,91,26.456000000000028,4.22
209,raudeberg,NO,2020-10-10 12:19:56,61.99,5.14,44,83,51.27799999999996,9.42
210,bama,NG,2020-10-10 12:19:56,11.52,13.69,19,38,90.08599999999997,3.67
211,gat,IL,2020-10-10 12:16:03,31.61,34.76,0,100,79.26799999999999,3.47
212,xining,CN,2020-10-10 12:19:56,36.62,101.77,21,51,48.97400000000002,2.92
213,burica,,,,,,,,
214,port moresby,PG,2020-10-10 12:19:56,-9.44,147.18,40,88,75.46999999999997,1.5
215,new norfolk,AU,2020-10-10 12:19:56,-42.78,147.06,79,81,49.26199999999996,0.89
216,ribeira grande,PT,2020-10-10 12:19:56,38.52,-28.7,75,83,71.86999999999996,5.7
217,cidreira,BR,2020-10-10 12:19:57,-30.18,-50.21,0,54,64.4,4.7
218,bitung,ID,2020-10-10 12:19:57,1.45,125.18,40,100,75.46999999999997,0.5
219,alamosa,US,2020-10-10 12:19:57,37.47,-105.87,1,18,61.069999999999965,1.5
220,cururupu,BR,2020-10-10 12:19:57,-1.83,-44.87,17,43,91.38200000000002,3.54
221,hohoe,GH,2020-10-10 12:19:57,7.15,0.47,74,85,79.592,2.04
222,khonuu,,,,,,,,
223,trincomalee,LK,2020-10-10 12:19:57,8.57,81.23,87,76,81.71600000000001,8.49
224,butaritari,KI,2020-10-10 12:19:57,3.07,172.79,92,74,81.19399999999997,5.83
225,rungata,,,,,,,,
226,ginda,IN,2020-10-10 12:19:58,30.69,78.49,0,41,59.19800000000002,2.18
227,concarneau,FR,2020-10-10 12:19:58,47.88,-3.92,75,66,55.66999999999996,4.6
228,ponta do sol,PT,2020-10-10 12:19:58,32.67,-17.1,40,69,73.66999999999996,7.7
229,padang,ID,2020-10-10 12:19:58,-0.95,100.35,99,76,78.24199999999999,1.59
230,talnakh,RU,2020-10-10 12:19:58,69.49,88.4,88,92,19.66999999999996,4
231,faanui,PF,2020-10-10 12:19:58,-16.48,-151.75,9,79,78.63800000000005,7.49
232,bijie,CN,2020-10-10 12:19:58,27.31,105.29,83,89,54.932000000000016,0.94
233,evensk,RU,2020-10-10 12:19:58,61.95,159.23,47,86,28.00399999999995,4.58
234,moshkovo,RU,2020-10-10 12:19:58,55.31,83.61,90,100,37.66999999999996,4
235,iberia,US,2020-10-10 12:19:59,29.95,-91.75,1,78,80.27599999999998,6.7
236,darnah,LY,2020-10-10 12:19:59,32.77,22.64,16,60,72.68000000000004,6.82
237,sambava,MG,2020-10-10 12:19:59,-14.27,50.17,98,90,76.26199999999996,3.77
238,shieli,KZ,2020-10-10 12:19:59,44.17,66.75,0,47,47.19199999999999,5.33
239,taburi,,,,,,,,
240,makakilo city,US,2020-10-10 12:17:34,21.35,-158.09,1,78,79.06999999999996,2.1
241,namatanai,PG,2020-10-10 12:19:59,-3.67,152.43,99,79,79.23200000000003,2.69
242,vardo,NO,2020-10-10 12:19:59,70.37,31.11,96,85,47.80399999999995,2.12
243,hofn,IS,2020-10-10 12:20:00,64.25,-15.21,2,68,45.535999999999966,2.56
244,bambous virieux,MU,2020-10-10 12:20:00,-20.34,57.76,40,88,77.26999999999995,1.5
245,carolina,PR,2020-10-10 12:20:00,18.38,-65.96,40,79,92.26400000000004,4.1
246,kungurtug,RU,2020-10-10 12:20:00,50.6,97.52,85,86,19.382000000000016,0.66
247,barra do garcas,BR,2020-10-10 12:20:00,-15.89,-52.26,73,20,103.87400000000001,1.49
248,egvekinot,RU,2020-10-10 12:20:00,66.32,-179.17,92,96,30.2,5.82
249,liku,ID,2020-10-10 12:20:00,-0.73,119.89,100,83,75.48800000000006,0.78
250,san carlos de bariloche,AR,2020-10-10 12:15:35,-41.15,-71.31,40,40,52.069999999999965,11.8
251,peleduy,RU,2020-10-10 12:20:01,59.63,112.74,56,86,25.55600000000003,1.77
252,amazar,RU,2020-10-10 12:20:01,53.86,120.88,44,95,30.038000000000046,2.1
253,waddan,LY,2020-10-10 12:20:01,29.16,16.14,0,33,79.26799999999999,3.61
254,alexandria,EG,2020-10-10 12:09:37,31.22,29.96,40,57,79.06999999999996,4.1
255,mana,GF,2020-10-10 12:20:01,5.66,-53.78,15,63,87.65600000000003,4.72
256,algiers,DZ,2020-10-10 12:20:01,36.75,3.04,75,73,71.86999999999996,4.1
257,bethel,US,2020-10-10 12:20:02,41.37,-73.41,1,60,72.26600000000002,5.1
258,conselice,IT,2020-10-10 12:20:02,44.51,11.83,85,79,66.27200000000005,1.79
259,emba,KZ,2020-10-10 12:20:02,48.83,58.14,0,46,46.85,2.45
260,aklavik,CA,2020-10-10 12:20:02,68.22,-135.01,75,86,28.66999999999996,5.1
261,martapura,ID,2020-10-10 12:20:02,-3.42,114.85,100,91,75.05600000000004,0.81
262,cabo san lucas,MX,2020-10-10 12:17:52,22.89,-109.91,20,78,88.26799999999999,2.6
263,san pedro,PH,2020-10-10 12:18:19,14.35,121.02,90,94,79.06999999999996,3.1
264,husavik,IS,2020-10-10 12:20:03,66.04,-17.34,33,70,39.469999999999956,1
265,quthing,LS,2020-10-10 12:20:03,-30.4,27.7,0,50,50.774000000000015,3.33
266,salon,IN,2020-10-10 12:20:03,26.03,81.45,13,46,78.80000000000001,2.6
267,esfarayen,IR,2020-10-10 12:20:03,37.08,57.51,0,36,48.469999999999956,1
268,jiaojiang,CN,2020-10-10 12:20:03,28.68,121.44,8,88,65.26400000000004,1.74
269,banes,CU,2020-10-10 12:20:04,20.96,-75.72,20,52,89.86999999999996,3.1
270,encruzilhada do sul,BR,2020-10-10 12:20:04,-30.54,-52.52,0,44,64.77799999999996,1.79
271,khash,IR,2020-10-10 12:20:04,28.22,61.22,0,40,54.158,2.69
272,aleksandrovskiy zavod,RU,2020-10-10 12:20:04,50.92,117.94,100,97,32.32400000000001,3.38
273,moron,AR,2020-10-10 12:20:04,-34.65,-58.62,0,34,72.26600000000002,5.1
274,monteagudo,BO,2020-10-10 12:20:04,-19.82,-63.98,88,24,89.86999999999996,2.93
275,sorland,NO,2020-10-10 12:20:04,67.67,12.69,44,89,50.21600000000001,4.71
276,dingzhou,CN,2020-10-10 12:20:04,38.51,115,75,93,53.86999999999996,2.17
277,roma,US,2020-10-10 12:20:05,43.21,-75.46,90,53,75.46999999999997,4.6
278,mikuni,JP,2020-10-10 12:20:05,36.22,136.15,75,94,68.26999999999995,2.6
279,halalo,,,,,,,,
280,pokhara,NP,2020-10-10 12:20:05,28.23,83.98,0,69,69.98000000000005,1.45
281,kizner,RU,2020-10-10 12:20:05,56.27,51.51,78,61,47.174000000000014,3.43
282,merauke,ID,2020-10-10 12:20:06,-8.47,140.33,100,81,77.01799999999999,6.08
283,maribo,DK,2020-10-10 12:20:06,54.78,11.5,98,83,50.26999999999996,1.34
284,klamath falls,US,2020-10-10 12:20:06,42.22,-121.78,90,76,54.266000000000005,4.6
285,dauriya,RU,2020-10-10 12:20:06,49.93,116.87,100,95,31.388000000000044,10.91
286,kijang,KR,2020-10-10 12:20:06,35.24,129.21,20,72,59.26999999999996,3.1
287,rincon,US,2020-10-10 12:18:08,32.3,-81.24,90,74,83.26400000000004,4.1
288,luderitz,NA,2020-10-10 12:20:07,-26.65,15.16,0,39,65.26400000000004,13.41
289,noumea,NC,2020-10-10 12:20:07,-22.28,166.46,75,100,77.26999999999995,1
290,srednekolymsk,RU,2020-10-10 12:20:07,67.45,153.68,13,93,23.630000000000038,2.61
291,kaohsiung,TW,2020-10-10 12:20:07,22.62,120.31,20,78,79.06999999999996,2.6
292,komatipoort,ZA,2020-10-10 12:20:07,-25.43,31.95,95,63,67.26199999999996,2.1
293,katha,,,,,,,,
294,zvishavane,ZW,2020-10-10 12:20:08,-20.33,30.07,0,21,83.42599999999999,2.83
295,salta,AR,2020-10-10 12:20:08,-24.79,-65.41,11,19,80.86999999999996,5.7
296,barcelos,PT,2020-10-10 12:20:08,41.54,-8.62,0,60,73.27400000000002,4.1
297,lavrentiya,RU,2020-10-10 12:20:08,65.58,-171,100,84,35.780000000000044,4.52
298,morgan city,US,2020-10-10 12:20:08,29.7,-91.21,11,74,83.26400000000004,3.13
299,qandala,SO,2020-10-10 12:20:08,11.47,49.87,23,56,80.95999999999998,2.41
300,sovetskiy,RU,2020-10-10 12:20:08,61.36,63.58,93,92,46.20199999999998,2.91
301,iqaluit,CA,2020-10-10 12:20:08,63.75,-68.51,90,86,37.66999999999996,8.2
302,werda,BW,2020-10-10 12:20:09,-25.27,23.28,0,21,72.40999999999998,2.42
303,vaitupu,,,,,,,,
304,north myrtle beach,US,2020-10-10 12:20:09,33.82,-78.68,1,74,82.27400000000002,4.6
305,grand gaube,MU,2020-10-10 12:20:09,-20.01,57.66,4,82,77.26999999999995,1.79
306,kruisfontein,ZA,2020-10-10 12:20:09,-34,24.73,5,90,52.26799999999999,3.35
307,kahului,US,2020-10-10 12:15:11,20.89,-156.47,20,68,75.27200000000005,2.6
308,saint-augustin,CA,2020-10-10 12:20:09,51.23,-58.65,17,54,44.33000000000004,8.14
309,alice springs,AU,2020-10-10 12:16:16,-23.7,133.88,18,58,55.66999999999996,3.66
310,praya,CV,2020-10-10 12:20:10,14.92,-23.51,20,70,86.26999999999995,8.2
311,sentyabrskiy,,,,,,,,
312,nishihara,JP,2020-10-10 12:20:10,26.18,127.76,40,88,79.06999999999996,2.1
313,honningsvag,NO,2020-10-10 12:20:10,70.98,25.97,96,91,48.36199999999995,5.28
314,haverhill,US,2020-10-10 12:20:10,42.78,-71.08,1,47,77.26999999999995,9.3
315,shingu,JP,2020-10-10 12:20:10,33.73,135.98,13,88,66.70399999999995,3.19
316,louisbourg,,,,,,,,
317,qui nhon,VN,2020-10-10 12:18:40,13.77,109.23,100,92,75.23599999999996,3.46
318,shimoda,JP,2020-10-10 12:20:10,34.67,138.95,94,92,70.26799999999999,1.34
319,roebourne,AU,2020-10-10 12:20:11,-20.78,117.13,41,57,71.54600000000005,5.65
320,sarahan,IN,2020-10-10 12:20:11,31.52,77.8,0,39,53.95999999999998,1.44
321,mangla,PK,2020-10-10 12:20:11,31.89,72.38,0,19,82.4,0.34
322,hihifo,,,,,,,,
323,nizhneyansk,,,,,,,,
324,kununurra,AU,2020-10-10 12:20:11,-15.77,128.73,3,60,75.46999999999997,2.1
325,caravelas,BR,2020-10-10 12:20:11,-17.71,-39.25,35,64,85.36999999999996,5.9
326,berlevag,NO,2020-10-10 12:20:12,70.86,29.09,54,82,46.903999999999954,2.9
327,znamenskoye,RU,2020-10-10 12:20:12,57.13,73.83,100,98,41.75600000000003,1.7
328,tepalcatepec,MX,2020-10-10 12:20:12,19.18,-102.85,79,58,87.20600000000003,1.26
329,broome,US,2020-10-10 12:20:12,42.25,-75.83,1,56,77.26999999999995,5.7
330,lagoa,PT,2020-10-10 12:20:12,39.05,-27.98,5,86,70.44800000000004,5.48
331,san martin,AR,2020-10-10 12:20:13,-33.08,-68.47,0,13,86.26999999999995,2.1
332,vredendal,ZA,2020-10-10 12:17:27,-31.67,18.5,0,30,67.56799999999998,5.17
333,camacha,PT,2020-10-10 12:20:13,33.08,-16.33,40,78,71.86999999999996,6.2
334,mattru,SL,2020-10-10 12:20:13,7.62,-11.83,84,88,80.38399999999999,2.36
335,chapais,CA,2020-10-10 12:20:13,49.78,-74.85,90,93,43.06999999999996,4.1
336,nizhniy odes,RU,2020-10-10 12:20:14,63.64,54.86,100,95,48.21799999999999,2.77
337,akyab,MM,2020-10-10 12:20:14,20.15,92.9,3,77,82.74199999999999,0.33
338,alyangula,AU,2020-10-10 12:20:14,-13.85,136.42,98,94,75.46999999999997,2.89
339,ucluelet,CA,2020-10-10 12:18:36,48.93,-125.55,75,93,53.27599999999999,3.1
340,la suiza,CR,2020-10-10 12:20:14,9.85,-83.61,20,57,80.86999999999996,2.6
341,anshun,CN,2020-10-10 12:20:14,26.25,105.93,72,91,56.101999999999975,2.18
342,pecos,US,2020-10-10 12:20:14,31.42,-103.49,1,11,84.46999999999997,3.6
343,pudozh,RU,2020-10-10 12:20:14,61.81,36.53,56,89,48.77599999999999,3.16
344,terrace,CA,2020-10-10 12:19:54,54.52,-128.6,75,100,39.469999999999956,1
345,chicontepec,MX,2020-10-10 12:20:15,20.97,-98.17,14,73,81.46400000000003,0.85
346,clyde river,CA,2020-10-10 12:20:15,70.47,-68.59,90,93,34.06999999999996,13.9
347,henties bay,NA,2020-10-10 12:20:15,-22.12,14.28,0,82,56.26400000000004,0.89
348,yulara,AU,2020-10-10 12:20:15,-25.24,130.99,57,22,64.66999999999996,3.1
349,columbus,US,2020-10-10 12:20:12,39.96,-83,75,77,71.27599999999998,6.2
350,buraydah,SA,2020-10-10 12:16:18,26.33,43.98,0,20,82.66999999999996,2.1
351,swan river,CA,2020-10-10 12:20:16,52.11,-101.27,71,65,46.36400000000003,5.06
352,witu,KE,2020-10-10 12:20:16,-2.39,40.44,20,83,79.06999999999996,2.1
353,san patricio,US,2020-10-10 12:20:16,28.02,-97.52,1,55,94.26199999999996,1.5
354,barth,DE,2020-10-10 12:20:16,54.36,12.72,20,71,50.26999999999996,3.6
355,srivardhan,IN,2020-10-10 12:20:16,18.03,73.02,100,85,80.20399999999995,2.27
356,tilichiki,RU,2020-10-10 12:20:16,60.47,166.1,99,95,28.508000000000003,7.18
357,salalah,OM,2020-10-10 12:20:17,17.02,54.09,0,69,80.86999999999996,2.1
358,goya,AR,2020-10-10 12:20:17,-29.14,-59.26,0,36,80.86999999999996,3.1
359,sept-iles,CA,2020-10-10 12:18:10,50.2,-66.38,90,93,34.26799999999999,4.6
360,praia da vitoria,PT,2020-10-10 12:18:29,38.73,-27.07,40,100,73.27400000000002,4.4
361,te anau,NZ,2020-10-10 12:20:17,-45.42,167.72,100,92,48.038000000000046,1.51
362,kloulklubed,PW,2020-10-10 12:20:17,7.04,134.26,90,88,77.26999999999995,3.1
363,ayios yeoryios,GR,2020-10-10 12:20:17,38.4,22.93,0,60,68.26999999999995,1.34
364,babanusah,,,,,,,,
365,kiruna,SE,2020-10-10 12:20:18,67.86,20.23,18,87,44.86999999999996,1.5
366,celestun,MX,2020-10-10 12:20:18,20.87,-90.4,91,68,85.24399999999997,1.3
367,ayame,CI,2020-10-10 12:20:18,5.61,-3.16,93,89,77.71999999999997,2.82
368,mitu,CO,2020-10-10 12:16:04,1.2,-70.17,50,41,96.33200000000002,0.25
369,port hedland,AU,2020-10-10 12:20:18,-20.32,118.57,0,69,73.66999999999996,4.1
370,banff,CA,2020-10-10 12:20:18,51.18,-115.57,69,68,47.911999999999956,2.89
371,shache,CN,2020-10-10 12:20:18,38.42,77.24,80,35,56.11999999999996,5.68
372,samusu,,,,,,,,
373,malangwa,NP,2020-10-10 12:20:19,26.86,85.56,53,72,75.86600000000001,1.36
374,nikolskoye,RU,2020-10-10 12:20:19,59.7,30.79,22,81,49.26199999999996,1
375,pangnirtung,CA,2020-10-10 12:20:19,66.15,-65.71,75,61,46.66999999999996,3.1
376,saryshagan,,,,,,,,
377,agirish,RU,2020-10-10 12:20:19,61.92,63.02,88,94,45.51799999999999,3.1
378,gazojak,TM,2020-10-10 12:20:19,41.19,61.4,0,47,49.04600000000005,5.83
379,pacific grove,US,2020-10-10 12:17:20,36.62,-121.92,1,72,69.27799999999996,2.6
380,alofi,NU,2020-10-10 12:20:20,-19.06,-169.92,40,94,73.66999999999996,1
381,baykit,RU,2020-10-10 12:20:20,61.67,96.37,74,94,23.882000000000016,1.27
382,nokaneng,BW,2020-10-10 12:20:20,-19.67,22.27,55,24,85.67599999999999,3.99
383,riviere-au-renard,CA,2020-10-10 12:20:20,49,-64.4,90,100,39.469999999999956,1.5
384,vila franca do campo,PT,2020-10-10 12:20:20,37.72,-25.43,20,68,71.86999999999996,5.1
385,svetlyy,RU,2020-10-10 12:20:20,54.67,20.13,75,93,57.469999999999956,1
386,canon city,US,2020-10-10 12:20:20,38.44,-105.24,1,14,75.46999999999997,5.1
387,avera,US,2020-10-10 12:20:20,33.19,-82.53,90,83,81.26600000000002,4.1
388,half moon bay,US,2020-10-10 12:17:59,37.46,-122.43,40,82,67.26199999999996,1.5
389,jutai,BR,2020-10-10 12:20:21,-5.18,-68.9,0,28,104.01799999999999,0.65
390,marabba,SD,2020-10-10 12:20:21,12.35,32.18,65,31,93.97400000000002,3.94
391,jarjis,,,,,,,,
392,kamenskoye,,,,,,,,
393,tintesti,RO,2020-10-10 12:20:21,45.07,26.87,90,82,64.66999999999996,1.5
394,black river,JM,2020-10-10 12:20:21,18.03,-77.85,20,70,88.06999999999996,7.2
395,balaipungut,ID,2020-10-10 12:20:21,1.05,101.28,100,93,75.50600000000003,1.21
396,mys shmidta,,,,,,,,
397,palabuhanratu,,,,,,,,
398,beringovskiy,RU,2020-10-10 12:20:22,63.05,179.32,100,93,40.280000000000044,11.45
399,okhotsk,RU,2020-10-10 12:20:22,59.38,143.3,0,71,39.97400000000001,2.47
400,camana,PE,2020-10-10 12:20:22,-16.62,-72.71,49,62,67.226,3.39
401,tabou,CI,2020-10-10 12:20:22,4.42,-7.35,26,88,78.38599999999997,5.34
402,wanning,CN,2020-10-10 12:20:22,18.8,110.4,100,84,76.892,5.46
403,ahar,IR,2020-10-10 12:20:22,38.48,47.07,0,55,52.44800000000002,1.51
404,biltine,TD,2020-10-10 12:20:22,14.53,20.92,0,15,95.63000000000005,3.33
405,gwadar,PK,2020-10-10 12:20:23,25.12,62.33,0,69,82.4,2.55
406,mujiayingzi,CN,2020-10-10 12:20:23,42.12,118.78,100,60,53.99600000000005,2.43
407,mazatlan,MX,2020-10-10 12:20:23,23.22,-106.42,5,74,89.27599999999998,0.69
408,luba,GQ,2020-10-10 12:20:23,3.46,8.55,20,83,80.86999999999996,5.7
409,mount isa,AU,2020-10-10 12:20:23,-20.73,139.5,31,14,71.86999999999996,5.1
410,quatre cocos,MU,2020-10-10 12:20:23,-20.21,57.76,40,88,77.26999999999995,1.5
411,puerto madryn,AR,2020-10-10 12:20:23,-42.77,-65.04,100,72,55.59800000000003,8.06
412,kemijarvi,FI,2020-10-10 12:20:23,66.71,27.43,69,93,46.30999999999998,3.69
413,miram shah,PK,2020-10-10 12:20:24,33.01,70.07,0,21,73.32799999999997,1.47
414,oistins,BB,2020-10-10 12:20:24,13.07,-59.53,40,70,88.06999999999996,6.2
415,suleja,NG,2020-10-10 12:20:24,9.18,7.18,56,87,77.25199999999998,1.43
416,santa rosalia,MX,2020-10-10 12:20:24,27.32,-112.28,0,35,88.46600000000001,2.08
417,malakal,SS,2020-10-10 12:18:39,9.53,31.66,30,69,80.95999999999998,1.22
418,kohlu,PK,2020-10-10 12:20:24,29.9,69.25,0,20,71.86999999999996,1.51
419,dzhusaly,,,,,,,,
420,natal,BR,2020-10-10 12:19:49,-5.79,-35.21,40,62,86.26999999999995,6.7
421,tevaitoa,PF,2020-10-10 12:20:24,-16.78,-151.5,2,77,79.51999999999995,7.67
422,san juan,AR,2020-10-10 12:20:24,-31.54,-68.54,0,12,90.08599999999997,2.68
423,andradas,BR,2020-10-10 12:20:25,-22.07,-46.57,97,42,77.95399999999995,3.22
424,ksenyevka,,,,,,,,
425,hobyo,SO,2020-10-10 12:20:25,5.35,48.53,0,82,80.65399999999995,6.82
426,ancud,CL,2020-10-10 12:20:25,-41.87,-73.82,75,76,60.27799999999996,6.2
427,puerto narino,CO,2020-10-10 12:20:25,-3.77,-70.38,40,59,93.46999999999997,1.5
428,kabalo,CD,2020-10-10 12:20:25,-6.05,26.92,84,84,75.07400000000001,1.61
429,cockburn town,TC,2020-10-10 12:20:25,21.46,-71.14,46,66,86.26999999999995,5.1
430,leningradskiy,RU,2020-10-10 12:20:26,69.38,178.42,100,98,32.39600000000005,8.33
431,christchurch,NZ,2020-10-10 12:18:35,-43.53,172.63,99,58,57.469999999999956,7.2
432,saleilua,,,,,,,,
433,vestmanna,FO,2020-10-10 12:20:26,62.16,-7.17,100,93,44.86999999999996,7.7
434,mao,ES,2020-10-10 12:20:26,39.89,4.27,40,68,68.26999999999995,5.7
435,novopskov,UA,2020-10-10 12:20:26,49.55,39.09,100,47,60.061999999999955,6.07
436,andenes,NO,2020-10-10 12:20:26,69.31,16.12,100,93,48.469999999999956,5.7
437,coquimbo,CL,2020-10-10 12:20:13,-29.95,-71.34,40,77,59.26999999999996,6.2
438,atherton,GB,2020-10-10 12:20:26,53.52,-2.49,97,72,55.274000000000015,2.68
439,kronshagen,DE,2020-10-10 12:20:27,54.34,10.1,93,87,45.266000000000005,3.6
440,kano,NG,2020-10-10 12:20:27,12,8.52,20,62,86.26999999999995,2.1
441,clonakilty,IE,2020-10-10 12:20:27,51.62,-8.87,75,76,53.27599999999999,6.7
442,nouakchott,MR,2020-10-10 12:20:27,18.09,-15.98,0,38,91.66999999999996,7.7
443,port-gentil,GA,2020-10-10 12:20:27,-0.72,8.78,90,94,77.26999999999995,3.1
444,yerbogachen,RU,2020-10-10 12:20:27,61.28,108.01,98,96,26.258000000000003,2.12
445,taoudenni,ML,2020-10-10 12:20:27,22.68,-3.98,52,9,105.72799999999997,3.15
446,gardan diwal,,,,,,,,
447,nagato,JP,2020-10-10 12:20:28,34.38,131.2,40,77,68.26999999999995,5.1
448,haines junction,CA,2020-10-10 12:20:28,60.75,-137.51,100,84,36.338000000000044,0.67
449,maebaru,JP,2020-10-10 12:20:28,33.55,130.2,90,77,69.27799999999996,2.1
450,las palmas,ES,2020-10-10 12:20:28,28.42,-14.01,20,78,75.46999999999997,7.2
451,cabedelo,BR,2020-10-10 12:20:29,-6.98,-34.83,40,58,86.26999999999995,4.1
452,bogorodskoye,RU,2020-10-10 12:20:29,56.55,37.88,100,89,53.25800000000001,2.02
453,hami,CN,2020-10-10 12:20:29,42.8,93.45,47,50,45.30199999999998,5.67
454,windhoek,NA,2020-10-10 12:20:29,-22.56,17.08,0,9,84.46999999999997,4.6
455,lugovoy,KZ,2020-10-10 12:20:07,42.95,72.76,39,60,42.61999999999996,1.23
456,mogzon,RU,2020-10-10 12:20:29,51.74,111.96,30,90,21.091999999999995,4.85
457,halmstad,SE,2020-10-10 12:20:30,56.67,12.86,44,81,50.26999999999996,2.1
458,constitucion,CL,2020-10-10 12:20:30,-35.33,-72.42,1,53,60.656000000000034,8.5
459,phetchaburi,TH,2020-10-10 12:20:30,12.97,99.58,100,94,72.48200000000003,1.41
460,miri,MY,2020-10-10 12:16:08,4.41,114.01,40,94,79.06999999999996,0.78
461,tongren,CN,2020-10-10 12:20:30,27.72,109.19,67,77,63.62599999999999,0.87
462,hornepayne,CA,2020-10-10 12:20:30,49.21,-84.77,100,85,36.877999999999965,5.06
463,namibe,AO,2020-10-10 12:20:30,-15.2,12.15,3,80,65.53399999999999,5.58
464,oranjemund,NA,2020-10-10 12:20:31,-28.55,16.43,0,64,59.73800000000004,10.46
465,nordby,DK,2020-10-10 12:20:31,55.45,8.4,43,87,48.469999999999956,5.7
466,yefira,,,,,,,,
467,ribeira brava,PT,2020-10-10 12:20:31,32.65,-17.07,40,69,73.66999999999996,7.7
468,izumo,JP,2020-10-10 12:20:31,35.37,132.77,75,93,66.46999999999997,2.6
469,kaka,TM,2020-10-10 12:20:31,37.35,59.61,0,59,41.21600000000001,0.57
470,nuevitas,CU,2020-10-10 12:20:31,21.55,-77.26,40,66,88.06999999999996,2.6
471,hualmay,PE,2020-10-10 12:20:31,-11.1,-77.61,32,62,70.03399999999999,3.55
472,odweyne,SO,2020-10-10 12:20:31,9.41,45.06,2,36,78.61999999999996,6.32
473,khasan,RU,2020-10-10 12:20:32,42.43,130.64,11,80,53.47400000000002,1.42
474,luanda,AO,2020-10-10 12:11:56,-8.84,13.23,20,69,80.86999999999996,3.1
475,ayan,RU,2020-10-10 12:20:32,56.45,138.17,100,75,44.582000000000015,1.82
476,lufilufi,WS,2020-10-10 12:20:32,-13.87,-171.6,20,94,73.66999999999996,8.22
477,ostrovnoy,RU,2020-10-10 12:20:32,68.05,39.51,100,86,49.62200000000004,6.72
478,varna,BG,2020-10-10 12:20:32,43.22,27.92,40,87,61.26799999999999,0.5
479,margate,GB,2020-10-10 12:20:33,51.38,1.39,75,76,54.266000000000005,1.79
480,kenora,CA,2020-10-10 12:20:33,49.82,-94.43,75,57,41.26999999999996,3.1
481,mae hong son,TH,2020-10-10 12:20:33,19.3,97.97,64,76,72.80600000000004,0.81
482,baglan,AF,2020-10-10 12:20:33,36.13,68.71,68,71,47.04800000000002,0.42
483,nova londrina,BR,2020-10-10 12:20:33,-22.77,-52.98,86,20,86.18000000000004,3.19
484,basqal,AZ,2020-10-10 12:20:33,40.76,48.39,75,59,62.86999999999996,1.5
485,staraya toropa,RU,2020-10-10 12:20:33,56.28,31.67,100,94,52.25,1.41
486,kapuskasing,CA,2020-10-10 12:20:34,49.42,-82.43,90,86,37.66999999999996,6.2
487,kayerkan,RU,2020-10-10 12:20:34,69.35,87.76,71,92,19.66999999999996,4
488,grand river south east,,,,,,,,
489,olinda,BR,2020-10-10 12:20:34,-8.01,-34.86,20,62,86.26999999999995,4.6
490,taltal,CL,2020-10-10 12:20:34,-25.4,-70.48,24,54,63.68000000000004,2.47
491,felidhoo,,,,,,,,
492,castellaneta,IT,2020-10-10 12:20:34,40.63,16.94,43,63,70.06999999999996,2.6
493,westport,US,2020-10-10 12:20:34,41.14,-73.36,1,60,73.27400000000002,7.2
494,presidente medici,BR,2020-10-10 12:20:35,-11.18,-61.9,19,21,105.8,1.81
495,dubrovnik,HR,2020-10-10 12:20:35,42.65,18.09,0,77,64.66999999999996,0.5
496,akureyri,IS,2020-10-10 12:20:35,65.68,-18.09,52,68,39.469999999999956,1
497,constantine,DZ,2020-10-10 12:20:35,36.37,6.61,40,53,71.86999999999996,4.6
498,calamar,CO,2020-10-10 12:20:35,10.25,-74.91,40,63,93.46999999999997,1.5
499,mehamn,NO,2020-10-10 12:20:35,71.04,27.85,49,89,46.47200000000004,5.07
500,bocana de paiwas,NI,2020-10-10 12:20:35,12.79,-85.12,21,78,83.65999999999998,3.19
501,vineland,US,2020-10-10 12:20:35,39.49,-75.03,1,64,74.26400000000004,3.1
502,batticaloa,LK,2020-10-10 12:20:35,7.71,81.69,71,77,81.842,1.08
503,walla walla,US,2020-10-10 12:20:36,46.06,-118.34,90,93,58.26199999999996,5.7
504,tezu,IN,2020-10-10 12:20:36,27.92,96.17,0,67,78.02599999999998,1.45
505,bandarbeyla,SO,2020-10-10 12:20:36,9.49,50.81,92,83,78.02599999999998,4.03
506,manaure,CO,2020-10-10 12:16:04,11.78,-72.44,26,55,90.78800000000004,5.91
507,gazanjyk,TM,2020-10-10 12:20:36,39.24,55.52,0,41,50.88200000000002,7.35
508,manaus,BR,2020-10-10 12:20:36,-3.1,-60.02,40,52,91.66999999999996,3.6
509,forssa,FI,2020-10-10 12:20:36,60.81,23.62,100,90,47.26400000000003,0.45
510,saint-georges,GD,2020-10-10 12:20:37,12.06,-61.75,20,74,84.46999999999997,5.1
511,kharp,RU,2020-10-10 12:20:37,66.8,65.81,100,93,36.464000000000034,1.03
512,bud,US,2020-10-10 12:20:37,39.45,-86.18,90,73,74.26400000000004,2.1
513,harwich,GB,2020-10-10 12:18:54,51.94,1.28,67,84,52.26799999999999,2.68
514,nuuk,GL,2020-10-10 12:20:37,64.18,-51.72,75,70,44.86999999999996,3.1
515,aksay,RU,2020-10-10 12:20:37,47.26,39.87,100,52,68.26999999999995,13
516,razole,IN,2020-10-10 12:20:37,16.48,81.83,100,96,76.892,2.57
517,deputatskiy,RU,2020-10-10 12:20:38,69.3,139.9,84,91,16.10600000000003,1.47
518,bealanana,MG,2020-10-10 12:20:38,-14.55,48.73,100,86,68.35999999999999,1.28
519,marcona,,,,,,,,
520,oskemen,KZ,2020-10-10 12:20:38,49.96,82.61,75,84,39.469999999999956,3
521,bambui,BR,2020-10-10 12:20:38,-20.01,-45.98,53,23,95.66600000000001,4.94
522,qasigiannguit,GL,2020-10-10 12:20:39,68.82,-51.19,75,36,48.469999999999956,12.9
523,comodoro rivadavia,AR,2020-10-10 12:20:39,-45.87,-67.5,20,47,59.26999999999996,2.6
524,hammerfest,NO,2020-10-10 12:20:39,70.66,23.68,99,100,46.66999999999996,7.2
525,broken hill,AU,2020-10-10 12:20:39,-31.95,141.43,0,54,59.26999999999996,2.1
526,dondo,MZ,2020-10-10 12:20:39,-19.61,34.74,40,83,77.26999999999995,6.7
527,hilantagaan,PH,2020-10-10 12:20:39,11.19,123.81,100,78,81.37400000000002,2.72
528,ola,RU,2020-10-10 12:20:40,59.58,151.28,0,75,35.311999999999955,2.73
529,boali,CF,2020-10-10 12:20:40,4.8,18.13,40,62,86.26999999999995,2.1
530,acari,PE,2020-10-10 12:20:40,-15.43,-74.62,11,44,77.234,4.59
531,scarborough,GB,2020-10-10 12:20:40,54.28,-0.4,19,82,49.26199999999996,3.54
532,luang prabang,LA,2020-10-10 12:20:40,19.89,102.13,33,79,68.91799999999998,0.61
533,domazlice,CZ,2020-10-10 12:20:40,49.44,12.93,90,87,50.26999999999996,1.5
534,aljezur,PT,2020-10-10 12:20:40,37.32,-8.8,45,76,69.27799999999996,0.45
535,andrychow,PL,2020-10-10 12:20:40,49.85,19.34,100,3,56.26400000000004,1.79
536,miles city,US,2020-10-10 12:20:41,46.41,-105.84,1,25,66.46999999999997,5.7
537,tuy hoa,VN,2020-10-10 12:20:41,13.08,109.3,100,89,75.542,3.2
538,tazovskiy,RU,2020-10-10 12:20:41,67.47,78.7,83,97,27.032000000000018,6.1
539,maniitsoq,GL,2020-10-10 12:20:41,65.42,-52.9,50,83,40.711999999999954,0.58
540,ambulu,ID,2020-10-10 12:20:41,-8.35,113.61,99,88,75.16400000000004,1.32
541,sandpoint,US,2020-10-10 12:20:42,48.28,-116.55,90,93,54.266000000000005,2.6
542,krasnoselkup,RU,2020-10-10 12:20:42,65.7,82.47,35,94,13.190000000000019,1.97
543,san clemente,US,2020-10-10 12:20:42,33.43,-117.61,65,80,71.27599999999998,0.45
544,nanortalik,GL,2020-10-10 12:20:42,60.14,-45.24,20,70,45.05,6.87
545,kasongo-lunda,CD,2020-10-10 12:20:42,-6.47,16.82,34,73,78.38599999999997,1.12
546,kieta,PG,2020-10-10 12:20:42,-6.22,155.63,86,77,79.01600000000002,1.57
547,sai buri,TH,2020-10-10 12:20:43,6.7,101.62,100,79,79.06999999999996,2.21
548,contamana,PE,2020-10-10 12:20:43,-7.33,-75.02,10,29,100.79600000000005,1.52
549,tshikapa,CD,2020-10-10 12:20:43,-6.42,20.8,100,83,75.72200000000004,0.93
550,zhanakorgan,KZ,2020-10-10 12:20:43,43.91,67.25,0,47,47.33599999999997,5.53
551,palana,RU,2020-10-10 12:20:43,59.12,159.97,65,89,33.04399999999997,7.24
552,amderma,,,,,,,,
553,nome,US,2020-10-10 12:20:43,64.5,-165.41,90,80,40.26199999999996,2.66
554,port hawkesbury,CA,2020-10-10 12:20:44,45.62,-61.35,75,62,57.469999999999956,6.2
555,arkadelphia,US,2020-10-10 12:20:44,34.12,-93.05,90,69,77.26999999999995,5.7
556,coari,BR,2020-10-10 12:20:44,-4.08,-63.14,6,36,99.734,0.46
557,bassenge,BE,2020-10-10 12:20:44,50.76,5.61,20,66,52.26799999999999,5.1
558,okha,RU,2020-10-10 12:20:44,53.57,142.95,75,82,44.977999999999966,4.34
559,abong mbang,CM,2020-10-10 12:20:44,3.98,13.18,81,93,71.94200000000001,0.71
560,morondava,MG,2020-10-10 12:20:45,-20.28,44.28,0,80,77.12599999999999,4.02
561,tumannyy,,,,,,,,
562,matagami,CA,2020-10-10 12:20:45,49.75,-77.63,90,93,39.469999999999956,7.2
563,plettenberg bay,ZA,2020-10-10 12:20:45,-34.05,23.37,28,72,53.61799999999998,3.77
564,carora,VE,2020-10-10 12:20:45,10.18,-70.08,0,40,90.82400000000001,0.23
565,ramgarh,IN,2020-10-10 12:20:00,23.63,85.52,40,94,77.26999999999995,0.72
566,loviisa,FI,2020-10-10 12:20:45,60.46,26.23,96,96,48.272000000000034,2.38
567,tiarei,PF,2020-10-10 12:20:45,-17.53,-149.33,40,88,75.46999999999997,5.7
568,kavieng,PG,2020-10-10 12:20:45,-2.57,150.8,99,78,81.75199999999998,5.2
569,bereda,ES,2020-10-10 12:20:46,43.27,-7.54,6,83,60.27799999999996,7.15
570,riyadh,SA,2020-10-10 12:19:24,24.69,46.72,0,13,84.46999999999997,3.6
571,apollonia,GR,2020-10-10 12:20:46,36.97,24.72,0,72,73.27400000000002,2.1
572,la ronge,CA,2020-10-10 12:20:46,55.1,-105.28,90,80,39.469999999999956,9.8
573,hvide sande,DK,2020-10-10 12:20:46,56,8.13,60,82,47.26400000000003,2.24
574,sorvag,,,,,,,,
575,barvinkove,UA,2020-10-10 12:20:46,48.91,37.02,100,52,60.674000000000014,4.14
576,inhambane,MZ,2020-10-10 12:20:46,-23.86,35.38,20,83,77.26999999999995,3.1
577,nikel,RU,2020-10-10 12:20:46,69.41,30.22,100,100,46.66999999999996,2.6
578,urengoy,RU,2020-10-10 12:20:47,65.97,78.37,59,97,25.75399999999995,4.39
579,dongsheng,CN,2020-10-10 12:20:47,39.82,109.98,71,79,47.42599999999999,3.99
580,derby,GB,2020-10-10 12:16:08,52.92,-1.48,40,76,52.26799999999999,5.1
581,ekimchan,RU,2020-10-10 12:20:47,53.07,132.97,100,89,40.424000000000014,1.38
582,faro,PT,2020-10-10 12:18:27,37.02,-7.93,83,78,71.86999999999996,2.6
583,udachnyy,RU,2020-10-10 12:20:47,66.42,112.4,90,92,14.269999999999957,2
584,hambantota,LK,2020-10-10 12:20:47,6.12,81.12,54,79,81.14000000000001,8.6
585,ongandjera,NA,2020-10-10 12:20:48,-17.88,15.07,0,17,73.75999999999999,0.85
586,ijaki,,,,,,,,
587,kutum,SD,2020-10-10 12:20:48,14.2,24.67,19,16,87.33200000000002,3.64
588,chipinge,ZW,2020-10-10 12:20:48,-20.19,32.62,51,72,70.142,4.61
589,sumbawa,,,,,,,,
590,ashqelon,IL,2020-10-10 12:16:15,31.67,34.57,0,100,79.26799999999999,4.36
591,benguela,AO,2020-10-10 12:20:48,-12.58,13.41,3,75,74.31799999999998,3.52
592,vanavara,RU,2020-10-10 12:20:48,60.34,102.28,100,98,26.456000000000028,1.66
593,hay river,CA,2020-10-10 12:20:48,60.82,-115.8,90,100,39.469999999999956,2.1
594,belmonte,BR,2020-10-10 12:20:49,-15.86,-38.88,20,58,86.26999999999995,9.3
595,oriximina,BR,2020-10-10 12:20:49,-1.77,-55.87,26,26,100.292,3.52
596,marzuq,YE,2020-10-10 12:20:49,14.4,46.47,0,26,77.16199999999995,1.27
597,tecoanapa,MX,2020-10-10 12:20:49,16.52,-98.75,17,61,87.61999999999996,1.78
598,harper,LR,2020-10-10 12:20:50,4.38,-7.72,40,87,78.63800000000005,5.28
599,gambo,CF,2020-10-10 12:20:50,4.65,22.26,100,81,76.47799999999997,0.08
600,tomatlan,MX,2020-10-10 12:20:50,19.93,-105.25,26,61,89.52799999999996,1.68
601,hattiesburg,US,2020-10-10 12:20:50,31.33,-89.29,75,61,79.06999999999996,7.7
